,amino_acid_position,chain_id,distance,pdb_id,distance_normed,bind_site
0,565,A,12.820928827507,1t46,0.3539570400267501,False
1,566,A,12.39972140816075,1t46,0.3390180926965278,False
2,567,A,11.940185300069675,1t46,0.32271974323781466,False
3,568,A,14.446194343147955,1t46,0.41160026951561113,False
4,569,A,10.82117576790988,1t46,0.283031875229939,False
5,570,A,8.457652511187726,1t46,0.19920488685274074,False
6,571,A,6.502697363402362,1t46,0.12986856786994327,True
7,572,A,9.281199491445056,1t46,0.2284135959042648,False
8,573,A,6.790162442828599,1t46,0.14006408077779292,True
9,574,A,10.860544553566363,1t46,0.2844281664355636,False
10,575,A,12.823836243495936,1t46,0.354060157237727,False
11,576,A,8.950063128268985,1t46,0.21666919525651124,False
12,577,A,13.875473361294745,1t46,0.39135853041853896,False
13,578,A,11.95170761857903,1t46,0.32312840486490674,False
14,579,A,14.30116117663178,1t46,0.40645638378092175,False
15,580,A,16.33282296481536,1t46,0.478513254226383,False
16,581,A,15.132392606590669,1t46,0.4359376369142465,False
17,582,A,11.245615056545372,1t46,0.2980854471438524,False
18,583,A,13.780863761027465,1t46,0.38800301536726106,False
19,584,A,12.292742615055436,1t46,0.3352238799589376,False
20,585,A,14.617657302043991,1t46,0.41768153967938837,False
21,586,A,13.194147111503645,1t46,0.36719395854056797,False
22,587,A,16.121161837783283,1t46,0.4710062771805006,False
23,588,A,14.098680009135613,1t46,0.3992749920065747,False
24,589,A,9.860773651189852,1t46,0.24896933032087043,False
25,590,A,12.369988884392743,1t46,0.3379635704204144,False
26,591,A,9.80857736881348,1t46,0.24711808678279534,False
27,592,A,11.070289788438243,1t46,0.29186719260794064,False
28,593,A,7.046191666425205,1t46,0.14914465939685861,True
29,594,A,7.563104719624077,1t46,0.16747799475934527,True
30,595,A,3.774779198840645,1t46,0.03311759932148996,True
31,596,A,6.1555011168872324,1t46,0.11755457195792755,True
32,597,A,8.230511648737274,1t46,0.1911488906265698,False
33,598,A,10.098577622615966,1t46,0.2574035146226718,False
34,599,A,13.211614397945464,1t46,0.3678134701165066,False
35,600,A,12.046147184888618,1t46,0.3264778893283516,False
36,601,A,9.715701364286568,1t46,0.24382405710491717,False
37,602,A,6.579241673627747,1t46,0.13258336197461507,True
38,603,A,3.77307858386225,1t46,0.033057283675505714,True
39,604,A,6.0908210448181785,1t46,0.11526056633130712,True
40,605,A,6.610743377260986,1t46,0.13370063168491514,True
41,606,A,8.444662693086084,1t46,0.19874417747409118,False
42,607,A,11.418488779168626,1t46,0.30421675281044436,False
43,608,A,11.445824304085749,1t46,0.3051862608205708,False
44,609,A,14.676529664740233,1t46,0.41976956350121464,False
45,610,A,16.538263028504534,1t46,0.4857995890581235,False
46,611,A,10.503843582232175,1t46,0.271777066814215,False
47,612,A,14.404086017516002,1t46,0.4101068151511179,False
48,613,A,17.880150922181834,1t46,0.5333922753356393,False
49,614,A,20.67876662182733,1t46,0.6326506706398519,False
50,615,A,21.05322659356517,1t46,0.6459316280449958,False
51,616,A,17.112913048338672,1t46,0.5061806791940416,False
52,617,A,14.708120512152455,1t46,0.42088999487049283,False
53,618,A,10.751067900445982,1t46,0.28054536219295845,False
54,619,A,7.440059542772487,1t46,0.16311395620780034,True
55,620,A,6.3323670140003765,1t46,0.12382746792349884,True
56,621,A,3.5815197891397976,1t46,0.02626327527593579,True
57,622,A,3.7780930374992137,1t46,0.03323513110964803,True
58,623,A,3.391998083725876,1t46,0.019541516244466622,True
59,624,A,6.440481348470782,1t46,0.1276619548629792,True
60,625,A,9.640618911667447,1t46,0.24116111064770168,False
61,626,A,12.497685945806134,1t46,0.3424925971826677,False
62,627,A,15.673209754227116,1t46,0.4551187778741128,False
63,628,A,17.478058387589858,1t46,0.5191312748872895,False
64,629,A,14.430126160224656,1t46,0.4110303798903142,False
65,630,A,15.715937324894114,1t46,0.45663419497843005,False
66,631,A,15.610848951930835,1t46,0.45290702969925756,False
67,632,A,13.526300824689656,1t46,0.3789744415019676,False
68,633,A,11.08554942255908,1t46,0.29240840546398067,False
69,634,A,11.3998617974079,1t46,0.3035561103652652,False
70,635,A,11.297816160656893,1t46,0.2999368616942224,False
71,636,A,8.185809306354505,1t46,0.18956343436981576,False
72,637,A,5.6877327644677536,1t46,0.10096424980646738,True
73,638,A,9.198682188226746,1t46,0.22548695788700568,False
74,639,A,6.9139681804301105,1t46,0.1444550941081823,True
75,640,A,2.861871066278141,1t46,0.0007395217205539983,True
76,641,A,6.4099801871768705,1t46,0.12658017134931848,True
77,642,A,7.872051448002612,1t46,0.1784353964837851,True
78,643,A,3.839306708248248,1t46,0.03540619401406868,True
79,644,A,3.3237787230801024,1t46,0.017121982806118305,True
80,645,A,7.870019885616555,1t46,0.178363343138831,True
81,646,A,7.828415484630335,1t46,0.17688776145035257,True
82,647,A,4.074525371132198,1t46,0.04374868527731031,True
83,648,A,8.844858110789565,1t46,0.21293789295077425,False
84,649,A,9.627380588716747,1t46,0.2406915875571352,False
85,650,A,10.321968320044391,1t46,0.2653265038903455,False
86,651,A,11.650427459969013,1t46,0.31244291307537053,False
87,652,A,8.375810468247238,1t46,0.19630219826576528,False
88,653,A,4.90045803981628,1t46,0.07304200744844387,True
89,654,A,2.9016998466416197,1t46,0.002152127540747034,True
90,655,A,6.654338284157188,1t46,0.1352468105698909,True
91,656,A,6.3982950854114256,1t46,0.12616573629474792,True
92,657,A,8.188466095673842,1t46,0.1896576626143483,False
93,658,A,7.491576469609049,1t46,0.16494110506909254,True
94,659,A,9.045361850141763,1t46,0.22004915135724795,False
95,660,A,10.289862341158896,1t46,0.26418780237293144,False
96,661,A,11.528751667027965,1t46,0.308127442410275,False
97,662,A,14.898915228968852,1t46,0.42765690374837706,False
98,663,A,17.731950400336675,1t46,0.5281360531314043,False
99,664,A,15.076564893900732,1t46,0.43395759757700925,False
100,665,A,12.0919284235394,1t46,0.328101610757518,False
101,666,A,9.269336545837573,1t46,0.2279928532689937,False
102,667,A,7.112711578575361,1t46,0.15150391856082246,True
103,668,A,3.619088421135906,1t46,0.027595720500973517,True
104,669,A,4.934541316069813,1t46,0.07425083769550654,True
105,670,A,2.9502557516256105,1t46,0.0038742579539599864,True
106,671,A,4.294363398689031,1t46,0.05154567213938592,True
107,672,A,3.4498905779748976,1t46,0.021594787109789113,True
108,673,A,2.847802134980586,1t46,0.00024053947571865686,True
109,674,A,5.183215411305999,1t46,0.08307055226010264,True
110,675,A,5.783554097611606,1t46,0.10436274134104072,True
111,676,A,3.8765136398573383,1t46,0.0367258108254014,True
112,677,A,4.666459150148,1t46,0.06474277783489492,True
113,678,A,7.860698823896004,1t46,0.1780327534015439,True
114,679,A,10.106737604192562,1t46,0.2576929243751817,False
115,680,A,8.45452689391902,1t46,0.19909403070537252,False
116,681,A,10.004790552530325,1t46,0.25407717221768794,False
117,682,A,12.524474320305819,1t46,0.343442699429998,False
118,683,A,14.264443662477696,1t46,0.4051541251196288,False
119,684,A,11.36390993452518,1t46,0.3022810070281447,False
120,685,A,14.700428361105676,1t46,0.42061717764537776,False
121,686,A,17.77292452017957,1t46,0.5295892806628311,False
122,687,A,20.412815312935155,1t46,0.6232181858034965,False
123,688,A,19.042659268074928,1t46,0.5746229140959805,False
124,689,A,21.502339663394775,1t46,0.6618603040068587,False
125,762,A,17.834287510298804,1t46,0.5317656394716076,False
126,763,A,19.519380855959547,1t46,0.5915307803050843,False
127,764,A,16.436623923421745,1t46,0.4821947588301104,False
128,765,A,20.785212556045707,1t46,0.6364259844918082,False
129,766,A,22.401854521445323,1t46,0.693763362856169,False
130,767,A,20.804831434068387,1t46,0.6371218064835332,False
131,768,A,17.873025065724047,1t46,0.533139542858916,False
132,769,A,18.464945328919878,1t46,0.5541331560514339,False
133,770,A,19.80486962845249,1t46,0.6016561996109964,False
134,771,A,17.382718487049132,1t46,0.5157498583043216,False
135,772,A,14.193674471397458,1t46,0.40264415694340094,False
136,773,A,15.886495711767274,1t46,0.4626833827210878,False
137,774,A,15.434101107612324,1t46,0.4466383207076098,False
138,775,A,12.202619063135586,1t46,0.3320274714117357,False
139,776,A,11.098410922289732,1t46,0.29286456377990516,False
140,777,A,13.073015413438474,1t46,0.3628977852674936,False
141,778,A,12.060836496694574,1t46,0.3269988745848007,False
142,779,A,8.717362101002802,1t46,0.2084159968788244,False
143,780,A,7.931458503957517,1t46,0.18054238425083663,True
144,781,A,11.504130866779985,1t46,0.30725421743550274,False
145,782,A,9.416287007095734,1t46,0.23320473962250288,False
146,783,A,4.245024145985506,1t46,0.049795758762754314,True
147,784,A,8.929104882349629,1t46,0.21592586995514534,False
148,785,A,10.983775853503198,1t46,0.28879880620740933,False
149,786,A,8.593883988046382,1t46,0.20403660339911261,False
150,787,A,7.516656304501357,1t46,0.16583061060792748,True
151,788,A,2.8410200632871283,1t46,0.0,True
152,789,A,2.9759248982459217,1t46,0.004784664589170165,True
153,790,A,3.236133958908374,1t46,0.014013489328573714,True
154,791,A,3.873798523413423,1t46,0.03662951389498641,True
155,792,A,6.290703060866884,1t46,0.12234977410130514,True
156,793,A,8.012888430522418,1t46,0.18343045632218097,False
157,794,A,10.42044341666899,1t46,0.26881911635215044,False
158,795,A,9.917219822107404,1t46,0.2509713044922628,False
159,796,A,7.095837159912845,1t46,0.15090543420359365,True
160,797,A,6.644592237300946,1t46,0.13490114790115337,True
161,798,A,7.515814061031579,1t46,0.16580073879120172,True
162,799,A,3.5311117229563838,1t46,0.02447545433275021,True
163,800,A,6.1682762584047754,1t46,0.11800766741043152,True
164,801,A,7.246128207532629,1t46,0.15623580100501566,True
165,802,A,9.525970711691276,1t46,0.2370948873518084,False
166,803,A,12.930975755912618,1t46,0.35786007020094757,False
167,804,A,12.852957869688982,1t46,0.3550930128330619,False
168,805,A,9.924965591879904,1t46,0.2512460234106593,False
169,806,A,10.550601167706036,1t46,0.2734354162985772,False
170,807,A,6.9658341926864695,1t46,0.14629462396862258,True
171,808,A,4.200701012926293,1t46,0.048223751908483534,True
172,809,A,3.1842074367101136,1t46,0.012171813364352982,True
173,810,A,3.0791786242438093,1t46,0.008446760515034304,True
174,811,A,3.405546945792996,1t46,0.02002205321392292,True
175,812,A,7.1470980124803125,1t46,0.15272350088863984,True
176,813,A,8.572744951297688,1t46,0.20328686599636098,False
177,814,A,5.980730473779937,1t46,0.11135598828553812,True
178,815,A,7.201165322362764,1t46,0.15464110408725956,True
179,816,A,10.71237083936138,1t46,0.2791728950168709,False
180,817,A,12.588359265607258,1t46,0.34570850432615485,False
181,818,A,15.791906028089207,1t46,0.4593285740507128,False
182,819,A,16.463091963540748,1t46,0.4831334997902903,False
183,820,A,12.561324930117845,1t46,0.3447496785898686,False
184,821,A,17.465199140004106,1t46,0.5186751964481016,False
185,822,A,15.641537552299647,1t46,0.45399546110737354,False
186,823,A,10.817181564529648,1t46,0.28289021297238404,False
187,824,A,16.792116870722403,1t46,0.49480301350955713,False
188,825,A,18.785438882283266,1t46,0.565500088573189,False
189,826,A,16.871774476918542,1t46,0.4976282267625969,False
190,827,A,19.02061710355371,1t46,0.5738411454952811,False
191,828,A,16.201551345473064,1t46,0.4738574487556454,False
192,829,A,13.913884791818571,1t46,0.39272086714652105,False
193,830,A,12.802898578056462,1t46,0.3533175618634489,False
194,831,A,11.293213670164928,1t46,0.2997736253410878,False
195,832,A,10.86045123371953,1t46,0.28442485666414774,False
196,833,A,14.90833746599533,1t46,0.4279910818663454,False
197,834,A,16.64731996448678,1t46,0.48966750720914476,False
198,835,A,13.346947553654356,1t46,0.37261332594123503,False
199,836,A,12.060047844017873,1t46,0.3269709034706704,False
200,837,A,13.981027823447027,1t46,0.3951022264650387,False
201,838,A,16.854023644222178,1t46,0.49699865866256165,False
202,839,A,14.82928204600614,1t46,0.42518722632833006,False
203,840,A,11.467905039718456,1t46,0.30596939742139695,False
204,841,A,14.73178431148108,1t46,0.4217292779304921,False
205,842,A,17.013563236429928,1t46,0.5026570432389205,False
206,843,A,15.048082735019765,1t46,0.43294742194421953,False
207,844,A,11.373063175767555,1t46,0.30260564468299156,False
208,845,A,10.843197176110003,1t46,0.2838129076669971,False
209,846,A,7.460720675645216,1t46,0.163846743812177,True
210,847,A,9.501707004533447,1t46,0.23623432738392053,False
211,848,A,9.366075538879665,1t46,0.23142389141185826,False
212,849,A,12.631402574536212,1t46,0.34723511970725657,False
213,850,A,10.020880699818756,1t46,0.25464784085227765,False
214,851,A,7.316123017008391,1t46,0.15871830421868244,True
215,852,A,12.576772797502544,1t46,0.3452975675078332,False
216,853,A,14.464220027364078,1t46,0.41223958576391906,False
217,854,A,11.262455726883015,1t46,0.29868273455054184,False
218,855,A,13.383867826603788,1t46,0.37392277584091876,False
219,856,A,16.140113103692926,1t46,0.47167842099910795,False
220,857,A,16.640768491869594,1t46,0.4894351463819887,False
221,858,A,14.012880289219625,1t46,0.396231936642635,False
222,859,A,17.440633732751802,1t46,0.517803936094575,False
223,860,A,19.911683354252094,1t46,0.6054445579128082,False
224,861,A,15.342542683662314,1t46,0.44339102160934063,False
225,862,A,16.650483956930493,1t46,0.48977972440736794,False
226,863,A,20.37219794229381,1t46,0.6217776110822703,False
227,864,A,20.57017807409552,1t46,0.6287993647968811,False
228,865,A,17.679903845892376,1t46,0.5262901199881332,False
229,866,A,16.73851158257508,1t46,0.4929017968180345,False
230,867,A,18.928427008074387,1t46,0.5705714429271939,False
231,868,A,19.161867471621864,1t46,0.5788508668630095,False
232,869,A,19.227294973552574,1t46,0.5811713815557656,False
233,870,A,20.63152660371985,1t46,0.6309752107358413,False
234,871,A,25.927527263508953,1t46,0.8188082623003363,False
235,872,A,27.802198815921017,1t46,0.8852971660960411,False
236,873,A,24.72341748221714,1t46,0.7761021470318944,False
237,874,A,24.76162300819557,1t46,0.7774571809512899,False
238,875,A,20.68495204248731,1t46,0.6328700487163306,False
239,876,A,24.34186570499476,1t46,0.7625696648345848,False
240,877,A,26.29996604560545,1t46,0.8320175342502638,False
241,878,A,27.029325518776822,1t46,0.8578856986131259,False
242,879,A,20.55721552156323,1t46,0.6283396224451304,False
243,880,A,19.420924308590468,1t46,0.5880388257290109,False
244,881,A,25.537504047968348,1t46,0.804975323926249,False
245,882,A,25.899040175265185,1t46,0.817797911838026,False
246,883,A,21.042247836198488,1t46,0.64554224488003,False
247,884,A,24.041260220712232,1t46,0.7519081016934543,False
248,885,A,26.650681679837014,1t46,0.8444563521509615,False
249,886,A,26.819206792893787,1t46,0.8504334258494315,False
250,887,A,24.686000951956558,1t46,0.7747750963932565,False
251,888,A,22.858091149525148,1t46,0.7099446897843159,False
252,889,A,21.520228088939948,1t46,0.6624947521071669,False
253,890,A,26.827458526666287,1t46,0.8507260897735421,False
254,891,A,27.940040157451463,1t46,0.8901859796507658,False
255,892,A,24.89405619821727,1t46,0.7821541838046067,False
256,893,A,27.48933995206141,1t46,0.8742010128130673,False
257,894,A,24.490509141297984,1t46,0.7678415958688568,False
258,895,A,26.03310780525445,1t46,0.8225528833107648,False
259,896,A,26.55460423354112,1t46,0.8410487770610822,False
260,897,A,28.423098247728017,1t46,0.9073185823463206,False
261,898,A,25.571339307904854,1t46,0.8061753577881414,False
262,899,A,21.26976478478312,1t46,0.6536115797386467,False
263,900,A,25.159895170687808,1t46,0.7915826844094195,False
264,901,A,24.871419621726464,1t46,0.7813513332174599,False
265,902,A,20.784241386204123,1t46,0.6363915400484158,False
266,903,A,21.460077120085103,1t46,0.6603613800099255,False
267,904,A,23.274285509978604,1t46,0.7247058391477337,False
268,905,A,21.060239789708,1t46,0.6461803648026647,False
269,906,A,18.086726541859367,1t46,0.5407188848879128,False
270,907,A,19.16895284046575,1t46,0.5791021633670889,False
271,908,A,20.113136155259326,1t46,0.6125894766524728,False
272,909,A,20.615724241461905,1t46,0.6304147489618515,False
273,910,A,20.69536844320487,1t46,0.6332394867996665,False
274,911,A,17.519952654045614,1t46,0.5206171372232195,False
275,912,A,20.107862268277053,1t46,0.6124024279058576,False
276,913,A,21.896733957373645,1t46,0.6758482712516788,False
277,914,A,15.676088351371332,1t46,0.4552208729682332,False
278,915,A,17.60201195886425,1t46,0.5235275314288651,False
279,916,A,16.762756396249394,1t46,0.4937616866914698,False
280,917,A,11.59735297384709,1t46,0.31056052231885295,False
281,918,A,16.586554946703068,1t46,0.48751235666217707,False
282,919,A,19.31780748428765,1t46,0.5843815852902966,False
283,920,A,17.416554222922517,1t46,0.516949909046249,False
284,921,A,16.56288422950544,1t46,0.48667282824638425,False
285,922,A,21.058264078503715,1t46,0.6461102923294249,False
286,923,A,22.959566219769922,1t46,0.7135437021950426,False
287,924,A,18.9897341740215,1t46,0.5727458218222063,False
288,925,A,22.28887628392243,1t46,0.6897563680543315,False
289,926,A,25.377155494657,1t46,0.7992882479575647,False
290,927,A,24.73595377178733,1t46,0.7765467711315747,False
291,928,A,21.957253630634227,1t46,0.6779947201738876,False
292,929,A,27.355511967426228,1t46,0.8694545408328781,False
293,930,A,29.7872820680236,1t46,0.9557020373950655,False
294,931,A,28.21495754028349,1t46,0.8999364638864533,False
295,932,A,28.158312609245602,1t46,0.8979274402975229,False
296,933,A,31.03627438981683,1t46,1.0,False
